{
  "project_info": {
    "project_number": "278836413844",
    "firebase_url": "https://latihan-firebase-11684-default-rtdb.firebaseio.com",
    "project_id": "latihan-firebase-11684",
    "storage_bucket": "latihan-firebase-11684.appspot.com"
  },
  "client": [
    {
      "client_info": {
        "mobilesdk_app_id": "1:278836413844:android:17f8f7905805ad917d7b81",
        "android_client_info": {
          "package_name": "com.udinus.sqlite_11684"
        }
      },
      "oauth_client": [
        {
          "client_id": "278836413844-dm6rhbqgi2s95051uos5j7dhmp0smjuc.apps.googleusercontent.com",
          "client_type": 3
        }
      ],
      "api_key": [
        {
          "current_key": "AIzaSyBax7lxcS2wzifDFvv7EyT8VsjLT_1aKAY"
        }
      ],
      "services": {
        "appinvite_service": {
          "other_platform_oauth_client": [
            {
              "client_id": "278836413844-dm6rhbqgi2s95051uos5j7dhmp0smjuc.apps.googleusercontent.com",
              "client_type": 3
            }
          ]
        }
      }
    }
  ],
  "configuration_version": "1"
}